location,contract_time,redirect_url,latitude,description,__CLASS__,id,salary_min,category,created,salary_max,longitude,salary_is_predicted,title,adref,company,contract_type
"{'__CLASS__': 'Adzuna::API::Response::Location', 'display_name': 'Savage, Anne Arundel County', 'area': ['US', 'Maryland', 'Anne Arundel County', 'Savage']}",full_time,https://www.adzuna.com/land/ad/4456537799?se=XCahsd6S7hGNWPbLGEhL7w&utm_medium=api&utm_source=04e67ef5&v=F8EC135D4D8F3D7EA42AEF934D5D2B97C7C41C52,39.13205,Build Something to Be Proud Of. Captivation Software has built a reputation on providing customers exactly what is needed in a timely manner. Our team of engineers take pride in what they develop and constantly innovate to provide the best solution. Captivation Software has an immediate need for a mid/senior level software engineer with the ability to quickly understand existing code and system architecture. Experience with multi-threaded programs and databases is desired. Requirements Security…,Adzuna::API::Response::Job,4456537799,145812.33,"{'__CLASS__': 'Adzuna::API::Response::Category', 'label': 'IT Jobs', 'tag': 'it-jobs'}",2023-11-29T12:57:48Z,145812.33,-76.799422,1,Software Engineer (Mid/Senior) - Java/Python/Spring Boot/SQL/Bash,eyJhbGciOiJIUzI1NiJ9.eyJzIjoiWENhaHNkNlM3aEdOV1BiTEdFaEw3dyIsImkiOiI0NDU2NTM3Nzk5In0.D0rXjc_qY1llzwn9Kb-xri8h3iWqQQXoJWYIpXCchPY,"{'display_name': 'Captivation Software', '__CLASS__': 'Adzuna::API::Response::Company'}",
"{'__CLASS__': 'Adzuna::API::Response::Location', 'area': ['US', 'Maryland', 'Anne Arundel County', 'Savage'], 'display_name': 'Savage, Anne Arundel County'}",full_time,https://www.adzuna.com/land/ad/4456528057?se=XCahsd6S7hGNWPbLGEhL7w&utm_medium=api&utm_source=04e67ef5&v=3CE25A3831E2E15F949F5969BAC66C68D8C0A45D,39.13205,Build Something to Be Proud Of. Captivation Software has built a reputation on providing customers exactly what is needed in a timely manner. Our team of engineers take pride in what they develop and constantly innovate to provide the best solution. Captivation Software is looking for mid level software engineer to assist with the development of various software for the intelligence community. Requirements Security Clearance: Must currently hold a Top Secret / SCI U.S. Government security clear…,Adzuna::API::Response::Job,4456528057,197734.62,"{'label': 'IT Jobs', 'tag': 'it-jobs', '__CLASS__': 'Adzuna::API::Response::Category'}",2023-11-29T12:56:04Z,197734.62,-76.799422,1,Software Engineer 2 (Hybrid) - Python/Java/Data Science/Kubernetes,eyJhbGciOiJIUzI1NiJ9.eyJzIjoiWENhaHNkNlM3aEdOV1BiTEdFaEw3dyIsImkiOiI0NDU2NTI4MDU3In0.no_5YlSjsaHj44453SUctOlWXoEWakU-UfGVZOaqWoU,"{'display_name': 'Captivation Software', '__CLASS__': 'Adzuna::API::Response::Company'}",
"{'display_name': 'Baltimore, Baltimore County', 'area': ['US', 'Maryland', 'Baltimore County', 'Baltimore'], '__CLASS__': 'Adzuna::API::Response::Location'}",full_time,https://www.adzuna.com/land/ad/4463988439?se=XCahsd6S7hGNWPbLGEhL7w&utm_medium=api&utm_source=04e67ef5&v=945E83F9B4BE50C722C2E1ADB984B18D05AD2C6D,39.296337,"Center 1 (19052), United States of America, McLean, VirginiaSenior Software Engineer, Back End (Python, Java)Do you love building and pioneering in the technology space? Do you enjoy solving complex business problems in a fast-paced, collaborative, inclusive, and iterative delivery environment? At Capital One, you'll be part of a big group of makers, breakers, doers and disruptors, who love to solve real problems and meet real customer needs. We are seeking Back End Software Engineers who are p…",Adzuna::API::Response::Job,4463988439,54100.19,"{'tag': 'it-jobs', 'label': 'IT Jobs', '__CLASS__': 'Adzuna::API::Response::Category'}",2023-12-04T11:56:39Z,54100.19,-76.621054,1,"Senior Software Engineer, Back End (Python, Java)",eyJhbGciOiJIUzI1NiJ9.eyJpIjoiNDQ2Mzk4ODQzOSIsInMiOiJYQ2Foc2Q2UzdoR05XUGJMR0VoTDd3In0.OPFku7y0ijCpVlx48a2aK-v-ISI9IORkxoGy12Vlo_A,"{'display_name': 'Capital One', '__CLASS__': 'Adzuna::API::Response::Company'}",contract
"{'__CLASS__': 'Adzuna::API::Response::Location', 'area': ['US', 'Virginia', 'Richmond County', 'Richmond City'], 'display_name': 'Richmond City, Richmond County'}",full_time,https://www.adzuna.com/land/ad/4463988504?se=XCahsd6S7hGNWPbLGEhL7w&utm_medium=api&utm_source=04e67ef5&v=C3158684A706F74762D5B696F23B0A76A853E85F,37.56,"Center 1 (19052), United States of America, McLean, VirginiaSenior Software Engineer, Back End (Python, Java)Do you love building and pioneering in the technology space? Do you enjoy solving complex business problems in a fast-paced, collaborative, inclusive, and iterative delivery environment? At Capital One, you'll be part of a big group of makers, breakers, doers and disruptors, who love to solve real problems and meet real customer needs. We are seeking Back End Software Engineers who are p…",Adzuna::API::Response::Job,4463988504,52994.28,"{'__CLASS__': 'Adzuna::API::Response::Category', 'tag': 'it-jobs', 'label': 'IT Jobs'}",2023-12-04T11:56:40Z,52994.28,-77.45,1,"Senior Software Engineer, Back End (Python, Java)",eyJhbGciOiJIUzI1NiJ9.eyJzIjoiWENhaHNkNlM3aEdOV1BiTEdFaEw3dyIsImkiOiI0NDYzOTg4NTA0In0._C71FPpj4vcXaudr3uPyv4lifpQxBL5zPprhkkpmPxI,"{'display_name': 'Capital One', '__CLASS__': 'Adzuna::API::Response::Company'}",contract
"{'area': ['US', 'Virginia', 'Harrisonburg City', 'Harrisonburg'], 'display_name': 'Harrisonburg, Harrisonburg City', '__CLASS__': 'Adzuna::API::Response::Location'}",full_time,https://www.adzuna.com/land/ad/4463988520?se=XCahsd6S7hGNWPbLGEhL7w&utm_medium=api&utm_source=04e67ef5&v=D685EC3C3C0A4FF8A71FCE62430F22314F66C542,38.41421,"Center 1 (19052), United States of America, McLean, VirginiaSenior Software Engineer, Back End (Python, Java)Do you love building and pioneering in the technology space? Do you enjoy solving complex business problems in a fast-paced, collaborative, inclusive, and iterative delivery environment? At Capital One, you'll be part of a big group of makers, breakers, doers and disruptors, who love to solve real problems and meet real customer needs. We are seeking Back End Software Engineers who are p…",Adzuna::API::Response::Job,4463988520,53714.87,"{'label': 'IT Jobs', 'tag': 'it-jobs', '__CLASS__': 'Adzuna::API::Response::Category'}",2023-12-04T11:56:40Z,53714.87,-78.892628,1,"Senior Software Engineer, Back End (Python, Java)",eyJhbGciOiJIUzI1NiJ9.eyJzIjoiWENhaHNkNlM3aEdOV1BiTEdFaEw3dyIsImkiOiI0NDYzOTg4NTIwIn0.CzovPWkjYKMcDI6aI8DyJ9rx_efBK1-xU1x5gFlOW04,"{'__CLASS__': 'Adzuna::API::Response::Company', 'display_name': 'Capital One'}",contract
"{'__CLASS__': 'Adzuna::API::Response::Location', 'display_name': 'Richmond City, Richmond County', 'area': ['US', 'Virginia', 'Richmond County', 'Richmond City']}",full_time,https://www.adzuna.com/land/ad/4463987940?se=XCahsd6S7hGNWPbLGEhL7w&utm_medium=api&utm_source=04e67ef5&v=CCD2D6633E8FEC1DA96439246B1632CC973416EA,37.56,"Center 1 (19052), United States of America, McLean, VirginiaLead Software Engineer, Full Stack (Java, Python)Do you love building and pioneering in the technology space? Do you enjoy solving complex business problems in a fast-paced, collaborative, inclusive, and iterative delivery environment? At Capital One, you'll be part of a big group of makers, breakers, doers and disruptors, who solve real problems and meet real customer needs. We are seeking Full Stack Software Engineers who are passion…",Adzuna::API::Response::Job,4463987940,44910.0,"{'tag': 'it-jobs', 'label': 'IT Jobs', '__CLASS__': 'Adzuna::API::Response::Category'}",2023-12-04T11:56:34Z,44910.0,-77.45,1,"Lead Software Engineer, Full Stack (Java, Python)",eyJhbGciOiJIUzI1NiJ9.eyJpIjoiNDQ2Mzk4Nzk0MCIsInMiOiJYQ2Foc2Q2UzdoR05XUGJMR0VoTDd3In0.T7jEElDVCHaUd_vTCkN6eB4b8MSWohHnZrmDCfY2EWI,"{'display_name': 'Capital One', '__CLASS__': 'Adzuna::API::Response::Company'}",contract
"{'__CLASS__': 'Adzuna::API::Response::Location', 'area': ['US', 'Virginia', 'Fairfax County', 'Mc Lean'], 'display_name': 'Mc Lean, Fairfax County'}",full_time,https://www.adzuna.com/land/ad/4463988002?se=XCahsd6S7hGNWPbLGEhL7w&utm_medium=api&utm_source=04e67ef5&v=AF826D9155CA8BB878C5C3B47206FF0E06F38031,38.97,"Center 1 (19052), United States of America, McLean, VirginiaLead Software Engineer, Full Stack (Java, Python)Do you love building and pioneering in the technology space? Do you enjoy solving complex business problems in a fast-paced, collaborative, inclusive, and iterative delivery environment? At Capital One, you'll be part of a big group of makers, breakers, doers and disruptors, who solve real problems and meet real customer needs. We are seeking Full Stack Software Engineers who are passion…",Adzuna::API::Response::Job,4463988002,48205.57,"{'__CLASS__': 'Adzuna::API::Response::Category', 'tag': 'it-jobs', 'label': 'IT Jobs'}",2023-12-04T11:56:34Z,48205.57,-77.23,1,"Lead Software Engineer, Full Stack (Java, Python)",eyJhbGciOiJIUzI1NiJ9.eyJpIjoiNDQ2Mzk4ODAwMiIsInMiOiJYQ2Foc2Q2UzdoR05XUGJMR0VoTDd3In0.O9VgFKnszCnEV0QRZgMQFQPOhNi1-dYOM60XxN_ohsg,"{'__CLASS__': 'Adzuna::API::Response::Company', 'display_name': 'Capital One'}",contract
"{'display_name': 'Fredericksburg City, Virginia', 'area': ['US', 'Virginia', 'Fredericksburg City'], '__CLASS__': 'Adzuna::API::Response::Location'}",full_time,https://www.adzuna.com/land/ad/4463988265?se=XCahsd6S7hGNWPbLGEhL7w&utm_medium=api&utm_source=04e67ef5&v=0108C142464257FACDF12573178DB7B8421ACF65,38.296969,"Center 1 (19052), United States of America, McLean, VirginiaLead Software Engineer, Full Stack (Java, Python)Do you love building and pioneering in the technology space? Do you enjoy solving complex business problems in a fast-paced, collaborative, inclusive, and iterative delivery environment? At Capital One, you'll be part of a big group of makers, breakers, doers and disruptors, who solve real problems and meet real customer needs. We are seeking Full Stack Software Engineers who are passion…",Adzuna::API::Response::Job,4463988265,46544.72,"{'tag': 'it-jobs', 'label': 'IT Jobs', '__CLASS__': 'Adzuna::API::Response::Category'}",2023-12-04T11:56:38Z,46544.72,-77.488102,1,"Lead Software Engineer, Full Stack (Java, Python)",eyJhbGciOiJIUzI1NiJ9.eyJzIjoiWENhaHNkNlM3aEdOV1BiTEdFaEw3dyIsImkiOiI0NDYzOTg4MjY1In0.SHnD_VY0Sgm0TtYqfuNxjXTZ0PW7ru2_aZjw1cD5FKE,"{'display_name': 'Capital One', '__CLASS__': 'Adzuna::API::Response::Company'}",contract
"{'display_name': 'Charlottesville City, Virginia', 'area': ['US', 'Virginia', 'Charlottesville City'], '__CLASS__': 'Adzuna::API::Response::Location'}",full_time,https://www.adzuna.com/land/ad/4463988287?se=XCahsd6S7hGNWPbLGEhL7w&utm_medium=api&utm_source=04e67ef5&v=F0254CDAF2CB47E9FBD18F8759AA0BD02315FE89,38.0057,"Center 1 (19052), United States of America, McLean, VirginiaLead Software Engineer, Full Stack (Java, Python)Do you love building and pioneering in the technology space? Do you enjoy solving complex business problems in a fast-paced, collaborative, inclusive, and iterative delivery environment? At Capital One, you'll be part of a big group of makers, breakers, doers and disruptors, who solve real problems and meet real customer needs. We are seeking Full Stack Software Engineers who are passion…",Adzuna::API::Response::Job,4463988287,47315.32,"{'label': 'IT Jobs', 'tag': 'it-jobs', '__CLASS__': 'Adzuna::API::Response::Category'}",2023-12-04T11:56:38Z,47315.32,-78.510018,1,"Lead Software Engineer, Full Stack (Java, Python)",eyJhbGciOiJIUzI1NiJ9.eyJzIjoiWENhaHNkNlM3aEdOV1BiTEdFaEw3dyIsImkiOiI0NDYzOTg4Mjg3In0.9WwuKVLG8Wt5YtDO7dGkzj3a9a2VvObUXCpxIHjAeSs,"{'__CLASS__': 'Adzuna::API::Response::Company', 'display_name': 'Capital One'}",contract
"{'__CLASS__': 'Adzuna::API::Response::Location', 'display_name': 'Parkville, Baltimore County', 'area': ['US', 'Maryland', 'Baltimore County', 'Parkville']}",full_time,https://www.adzuna.com/land/ad/4463987112?se=XCahsd6S7hGNWPbLGEhL7w&utm_medium=api&utm_source=04e67ef5&v=23209E5D3DCC2DD81FDCB776611D82227E09DF57,39.377329,"Center 1 (19052), United States of America, McLean, VirginiaLead Software Engineer, Full Stack (Java, Python)Do you love building and pioneering in the technology space? Do you enjoy solving complex business problems in a fast-paced, collaborative, inclusive, and iterative delivery environment? At Capital One, you'll be part of a big group of makers, breakers, doers and disruptors, who solve real problems and meet real customer needs. We are seeking Full Stack Software Engineers who are passion…",Adzuna::API::Response::Job,4463987112,48462.13,"{'tag': 'it-jobs', 'label': 'IT Jobs', '__CLASS__': 'Adzuna::API::Response::Category'}",2023-12-04T11:56:25Z,48462.13,-76.539688,1,"Lead Software Engineer, Full Stack (Java, Python)",eyJhbGciOiJIUzI1NiJ9.eyJpIjoiNDQ2Mzk4NzExMiIsInMiOiJYQ2Foc2Q2UzdoR05XUGJMR0VoTDd3In0.7E_kjkwVVVvhH9PmKEuCsosxMrmSWEKYA88IyQ2EdVo,"{'__CLASS__': 'Adzuna::API::Response::Company', 'display_name': 'Capital One'}",contract
"{'__CLASS__': 'Adzuna::API::Response::Location', 'display_name': 'Salisbury, Wicomico County', 'area': ['US', 'Maryland', 'Wicomico County', 'Salisbury']}",full_time,https://www.adzuna.com/land/ad/4463988337?se=XCahsd6S7hGNWPbLGEhL7w&utm_medium=api&utm_source=04e67ef5&v=1F92BDEF169042C18290679E12C90787610EF871,38.375981,"Center 1 (19052), United States of America, McLean, VirginiaLead Software Engineer, Full Stack (Java, Python)Do you love building and pioneering in the technology space? Do you enjoy solving complex business problems in a fast-paced, collaborative, inclusive, and iterative delivery environment? At Capital One, you'll be part of a big group of makers, breakers, doers and disruptors, who solve real problems and meet real customer needs. We are seeking Full Stack Software Engineers who are passion…",Adzuna::API::Response::Job,4463988337,44372.14,"{'__CLASS__': 'Adzuna::API::Response::Category', 'label': 'IT Jobs', 'tag': 'it-jobs'}",2023-12-04T11:56:38Z,44372.14,-75.64106,1,"Lead Software Engineer, Full Stack (Java, Python)",eyJhbGciOiJIUzI1NiJ9.eyJpIjoiNDQ2Mzk4ODMzNyIsInMiOiJYQ2Foc2Q2UzdoR05XUGJMR0VoTDd3In0.byVIbEawV2TBAWYMWL8zGMfkNLtKsItp4PYcyCR-2r0,"{'__CLASS__': 'Adzuna::API::Response::Company', 'display_name': 'Capital One'}",contract
"{'area': ['US', 'Maryland', 'Wicomico County', 'Fruitland'], 'display_name': 'Fruitland, Wicomico County', '__CLASS__': 'Adzuna::API::Response::Location'}",full_time,https://www.adzuna.com/land/ad/4463986850?se=XCahsd6S7hGNWPbLGEhL7w&utm_medium=api&utm_source=04e67ef5&v=0FD35D163AA7049D6CCD03FC11F5981A5FEAD46D,38.322063,"Center 1 (19052), United States of America, McLean, VirginiaSenior Software Engineer, Full Stack (Java, Python)Do you love building and pioneering in the technology space? Do you enjoy solving complex business problems in a fast-paced, collaborative, inclusive, and iterative delivery environment? At Capital One, you'll be part of a big group of makers, breakers, doers and disruptors, who solve real problems and meet millions of customers daily. We are seeking Full Stack Software Engineers who a…",Adzuna::API::Response::Job,4463986850,54786.32,"{'__CLASS__': 'Adzuna::API::Response::Category', 'label': 'IT Jobs', 'tag': 'it-jobs'}",2023-12-04T11:56:23Z,54786.32,-75.620203,1,"Senior Software Engineer, Full Stack (Java, Python)",eyJhbGciOiJIUzI1NiJ9.eyJzIjoiWENhaHNkNlM3aEdOV1BiTEdFaEw3dyIsImkiOiI0NDYzOTg2ODUwIn0.cyO9j607C07OoS8qcfdI0JBeXf894jmX6XQ1s8ceUOU,"{'display_name': 'Capital One', '__CLASS__': 'Adzuna::API::Response::Company'}",contract
"{'__CLASS__': 'Adzuna::API::Response::Location', 'display_name': 'Dover, Kent County', 'area': ['US', 'Delaware', 'Kent County', 'Dover']}",full_time,https://www.adzuna.com/land/ad/4463987959?se=XCahsd6S7hGNWPbLGEhL7w&utm_medium=api&utm_source=04e67ef5&v=AB076EEE974DD000B54B884BB025D59BF946DE25,39.157646,"Center 1 (19052), United States of America, McLean, VirginiaSenior Software Engineer, Full Stack (Java, Python)Do you love building and pioneering in the technology space? Do you enjoy solving complex business problems in a fast-paced, collaborative, inclusive, and iterative delivery environment? At Capital One, you'll be part of a big group of makers, breakers, doers and disruptors, who solve real problems and meet millions of customers daily. We are seeking Full Stack Software Engineers who a…",Adzuna::API::Response::Job,4463987959,60121.04,"{'label': 'IT Jobs', 'tag': 'it-jobs', '__CLASS__': 'Adzuna::API::Response::Category'}",2023-12-04T11:56:34Z,60121.04,-75.493994,1,"Senior Software Engineer, Full Stack (Java, Python)",eyJhbGciOiJIUzI1NiJ9.eyJzIjoiWENhaHNkNlM3aEdOV1BiTEdFaEw3dyIsImkiOiI0NDYzOTg3OTU5In0.kvk6-fZU2Wk2d_ebC0T5_d-hGD73Vnq0mboV8nxrHQU,"{'__CLASS__': 'Adzuna::API::Response::Company', 'display_name': 'Capital One'}",contract
"{'display_name': 'South Bend, St. Joseph County', 'area': ['US', 'Indiana', 'St. Joseph County', 'South Bend'], '__CLASS__': 'Adzuna::API::Response::Location'}",full_time,https://www.adzuna.com/land/ad/4463988142?se=XCahsd6S7hGNWPbLGEhL7w&utm_medium=api&utm_source=04e67ef5&v=C1CD1741866F403EF41BBDD8F59B4FD27CE41C98,41.672404,"Center 1 (19052), United States of America, McLean, VirginiaSenior Software Engineer, Full Stack (Java, Python)Do you love building and pioneering in the technology space? Do you enjoy solving complex business problems in a fast-paced, collaborative, inclusive, and iterative delivery environment? At Capital One, you'll be part of a big group of makers, breakers, doers and disruptors, who solve real problems and meet millions of customers daily. We are seeking Full Stack Software Engineers who a…",Adzuna::API::Response::Job,4463988142,58183.74,"{'tag': 'it-jobs', 'label': 'IT Jobs', '__CLASS__': 'Adzuna::API::Response::Category'}",2023-12-04T11:56:36Z,58183.74,-86.253952,1,"Senior Software Engineer, Full Stack (Java, Python)",eyJhbGciOiJIUzI1NiJ9.eyJzIjoiWENhaHNkNlM3aEdOV1BiTEdFaEw3dyIsImkiOiI0NDYzOTg4MTQyIn0.4jD1Bem2YL6drnkyJW28l_j1Bs2FD6kZD9UW3kAZs5U,"{'display_name': 'Capital One', '__CLASS__': 'Adzuna::API::Response::Company'}",contract
"{'__CLASS__': 'Adzuna::API::Response::Location', 'display_name': 'Joliet, Will County', 'area': ['US', 'Illinois', 'Will County', 'Joliet']}",full_time,https://www.adzuna.com/land/ad/4463988021?se=XCahsd6S7hGNWPbLGEhL7w&utm_medium=api&utm_source=04e67ef5&v=BD7020655FE5FBEE7CBC110B1B5CD3B41B2B2507,41.590445,"Center 1 (19052), United States of America, McLean, VirginiaSenior Software Engineer, Full Stack (Java, Python)Do you love building and pioneering in the technology space? Do you enjoy solving complex business problems in a fast-paced, collaborative, inclusive, and iterative delivery environment? At Capital One, you'll be part of a big group of makers, breakers, doers and disruptors, who solve real problems and meet millions of customers daily. We are seeking Full Stack Software Engineers who a…",Adzuna::API::Response::Job,4463988021,58675.43,"{'__CLASS__': 'Adzuna::API::Response::Category', 'tag': 'it-jobs', 'label': 'IT Jobs'}",2023-12-04T11:56:34Z,58675.43,-88.094961,1,"Senior Software Engineer, Full Stack (Java, Python)",eyJhbGciOiJIUzI1NiJ9.eyJzIjoiWENhaHNkNlM3aEdOV1BiTEdFaEw3dyIsImkiOiI0NDYzOTg4MDIxIn0.0sjtZCYac-7Q9O9ACliNEDmHhtg01xI2SByBEBTHdi0,"{'__CLASS__': 'Adzuna::API::Response::Company', 'display_name': 'Capital One'}",contract
"{'__CLASS__': 'Adzuna::API::Response::Location', 'area': ['US', 'Michigan', 'Kent County', 'Grand Rapids'], 'display_name': 'Grand Rapids, Kent County'}",full_time,https://www.adzuna.com/land/ad/4463988091?se=XCahsd6S7hGNWPbLGEhL7w&utm_medium=api&utm_source=04e67ef5&v=B9F3CB81A14DBB5515EFC227500017DEA418279F,42.952658,"Center 1 (19052), United States of America, McLean, VirginiaSenior Software Engineer, Full Stack (Java, Python)Do you love building and pioneering in the technology space? Do you enjoy solving complex business problems in a fast-paced, collaborative, inclusive, and iterative delivery environment? At Capital One, you'll be part of a big group of makers, breakers, doers and disruptors, who solve real problems and meet millions of customers daily. We are seeking Full Stack Software Engineers who a…",Adzuna::API::Response::Job,4463988091,59361.53,"{'__CLASS__': 'Adzuna::API::Response::Category', 'tag': 'it-jobs', 'label': 'IT Jobs'}",2023-12-04T11:56:35Z,59361.53,-85.649898,1,"Senior Software Engineer, Full Stack (Java, Python)",eyJhbGciOiJIUzI1NiJ9.eyJpIjoiNDQ2Mzk4ODA5MSIsInMiOiJYQ2Foc2Q2UzdoR05XUGJMR0VoTDd3In0.hix9_GDGjXEQ_FOCsFNOoo4nGdFAVh5KEtW_N-sXBcQ,"{'__CLASS__': 'Adzuna::API::Response::Company', 'display_name': 'Capital One'}",contract
"{'__CLASS__': 'Adzuna::API::Response::Location', 'display_name': 'Peoria, Peoria County', 'area': ['US', 'Illinois', 'Peoria County', 'Peoria']}",full_time,https://www.adzuna.com/land/ad/4463988012?se=XCahsd6S7hGNWPbLGEhL7w&utm_medium=api&utm_source=04e67ef5&v=42BB8202A716083D6E1CE22CE4630FFE491E81BE,40.685203,"Center 1 (19052), United States of America, McLean, VirginiaSenior Software Engineer, Full Stack (Java, Python)Do you love building and pioneering in the technology space? Do you enjoy solving complex business problems in a fast-paced, collaborative, inclusive, and iterative delivery environment? At Capital One, you'll be part of a big group of makers, breakers, doers and disruptors, who solve real problems and meet millions of customers daily. We are seeking Full Stack Software Engineers who a…",Adzuna::API::Response::Job,4463988012,57205.25,"{'tag': 'it-jobs', 'label': 'IT Jobs', '__CLASS__': 'Adzuna::API::Response::Category'}",2023-12-04T11:56:34Z,57205.25,-89.59617,1,"Senior Software Engineer, Full Stack (Java, Python)",eyJhbGciOiJIUzI1NiJ9.eyJpIjoiNDQ2Mzk4ODAxMiIsInMiOiJYQ2Foc2Q2UzdoR05XUGJMR0VoTDd3In0.eBgw4CN67v9cAOkGmEwA4TSSzm2DAHBRttPGbJSnu_o,"{'display_name': 'Capital One', '__CLASS__': 'Adzuna::API::Response::Company'}",contract
"{'__CLASS__': 'Adzuna::API::Response::Location', 'display_name': 'Harrisonburg, Harrisonburg City', 'area': ['US', 'Virginia', 'Harrisonburg City', 'Harrisonburg']}",full_time,https://www.adzuna.com/land/ad/4463988015?se=XCahsd6S7hGNWPbLGEhL7w&utm_medium=api&utm_source=04e67ef5&v=15742B6941693322ABA909A3520E8A2EC0D67315,38.41421,"Center 1 (19052), United States of America, McLean, VirginiaSenior Software Engineer, Full Stack (Java, Python)Do you love building and pioneering in the technology space? Do you enjoy solving complex business problems in a fast-paced, collaborative, inclusive, and iterative delivery environment? At Capital One, you'll be part of a big group of makers, breakers, doers and disruptors, who solve real problems and meet millions of customers daily. We are seeking Full Stack Software Engineers who a…",Adzuna::API::Response::Job,4463988015,57174.11,"{'tag': 'it-jobs', 'label': 'IT Jobs', '__CLASS__': 'Adzuna::API::Response::Category'}",2023-12-04T11:56:34Z,57174.11,-78.892628,1,"Senior Software Engineer, Full Stack (Java, Python)",eyJhbGciOiJIUzI1NiJ9.eyJzIjoiWENhaHNkNlM3aEdOV1BiTEdFaEw3dyIsImkiOiI0NDYzOTg4MDE1In0.zOM_UTGIC6RLSSIrsfsfLKlEedpy9N7JiMF4ny5RByg,"{'__CLASS__': 'Adzuna::API::Response::Company', 'display_name': 'Capital One'}",contract
"{'area': ['US'], 'display_name': 'US', '__CLASS__': 'Adzuna::API::Response::Location'}",full_time,https://www.adzuna.com/land/ad/4463986932?se=XCahsd6S7hGNWPbLGEhL7w&utm_medium=api&utm_source=04e67ef5&v=C76D959BF9CDD9CEAE72095EB2F8DD223C287782,,"Center 1 (19052), United States of America, McLean, VirginiaSenior Software Engineer, Full Stack (Java, Python)Do you love building and pioneering in the technology space? Do you enjoy solving complex business problems in a fast-paced, collaborative, inclusive, and iterative delivery environment? At Capital One, you'll be part of a big group of makers, breakers, doers and disruptors, who solve real problems and meet millions of customers daily. We are seeking Full Stack Software Engineers who a…",Adzuna::API::Response::Job,4463986932,73705.83,"{'__CLASS__': 'Adzuna::API::Response::Category', 'tag': 'it-jobs', 'label': 'IT Jobs'}",2023-12-04T11:56:23Z,73705.83,,1,"Senior Software Engineer, Full Stack (Java, Python)",eyJhbGciOiJIUzI1NiJ9.eyJzIjoiWENhaHNkNlM3aEdOV1BiTEdFaEw3dyIsImkiOiI0NDYzOTg2OTMyIn0.UXs1ikGAQxW3zm2rnMpcJVfESCg4M2RENflO9b5fMho,"{'__CLASS__': 'Adzuna::API::Response::Company', 'display_name': 'Capital One'}",contract
"{'display_name': 'Mc Lean, Fairfax County', 'area': ['US', 'Virginia', 'Fairfax County', 'Mc Lean'], '__CLASS__': 'Adzuna::API::Response::Location'}",full_time,https://www.adzuna.com/land/ad/4463987960?se=XCahsd6S7hGNWPbLGEhL7w&utm_medium=api&utm_source=04e67ef5&v=AB5A39109CFC852E129DCAE9605C6270EB43A29E,38.97,"Center 1 (19052), United States of America, McLean, VirginiaSenior Software Engineer, Full Stack (Java, Python)Do you love building and pioneering in the technology space? Do you enjoy solving complex business problems in a fast-paced, collaborative, inclusive, and iterative delivery environment? At Capital One, you'll be part of a big group of makers, breakers, doers and disruptors, who solve real problems and meet millions of customers daily. We are seeking Full Stack Software Engineers who a…",Adzuna::API::Response::Job,4463987960,60546.54,"{'tag': 'it-jobs', 'label': 'IT Jobs', '__CLASS__': 'Adzuna::API::Response::Category'}",2023-12-04T11:56:34Z,60546.54,-77.23,1,"Senior Software Engineer, Full Stack (Java, Python)",eyJhbGciOiJIUzI1NiJ9.eyJpIjoiNDQ2Mzk4Nzk2MCIsInMiOiJYQ2Foc2Q2UzdoR05XUGJMR0VoTDd3In0.0JcVVJXDEiaBQ9gM9GHqSglBU8h9E3AgPcbdS91UAno,"{'__CLASS__': 'Adzuna::API::Response::Company', 'display_name': 'Capital One'}",contract
"{'__CLASS__': 'Adzuna::API::Response::Location', 'area': ['US', 'Illinois', 'Kane County', 'Aurora'], 'display_name': 'Aurora, Kane County'}",full_time,https://www.adzuna.com/land/ad/4463988094?se=XCahsd6S7hGNWPbLGEhL7w&utm_medium=api&utm_source=04e67ef5&v=4D606F8EE88A7B21E447A2AE08208D79DE2F0818,41.75799,"Center 1 (19052), United States of America, McLean, VirginiaSenior Software Engineer, Full Stack (Java, Python)Do you love building and pioneering in the technology space? Do you enjoy solving complex business problems in a fast-paced, collaborative, inclusive, and iterative delivery environment? At Capital One, you'll be part of a big group of makers, breakers, doers and disruptors, who solve real problems and meet millions of customers daily. We are seeking Full Stack Software Engineers who a…",Adzuna::API::Response::Job,4463988094,56191.54,"{'__CLASS__': 'Adzuna::API::Response::Category', 'label': 'IT Jobs', 'tag': 'it-jobs'}",2023-12-04T11:56:36Z,56191.54,-88.294768,1,"Senior Software Engineer, Full Stack (Java, Python)",eyJhbGciOiJIUzI1NiJ9.eyJpIjoiNDQ2Mzk4ODA5NCIsInMiOiJYQ2Foc2Q2UzdoR05XUGJMR0VoTDd3In0.d7SPIztCmxpmw3OKVhZg9I2qCuAgzUrAEQdD7R2WvFo,"{'__CLASS__': 'Adzuna::API::Response::Company', 'display_name': 'Capital One'}",contract
"{'display_name': 'Valparaiso, Porter County', 'area': ['US', 'Indiana', 'Porter County', 'Valparaiso'], '__CLASS__': 'Adzuna::API::Response::Location'}",full_time,https://www.adzuna.com/land/ad/4463988349?se=XCahsd6S7hGNWPbLGEhL7w&utm_medium=api&utm_source=04e67ef5&v=8C7AB6277956972E3132515F889943AB718FC1FA,41.452914,"Center 1 (19052), United States of America, McLean, VirginiaSenior Software Engineer, Full Stack (Java, Python)Do you love building and pioneering in the technology space? Do you enjoy solving complex business problems in a fast-paced, collaborative, inclusive, and iterative delivery environment? At Capital One, you'll be part of a big group of makers, breakers, doers and disruptors, who solve real problems and meet millions of customers daily. We are seeking Full Stack Software Engineers who a…",Adzuna::API::Response::Job,4463988349,59265.2,"{'__CLASS__': 'Adzuna::API::Response::Category', 'label': 'IT Jobs', 'tag': 'it-jobs'}",2023-12-04T11:56:39Z,59265.2,-86.998316,1,"Senior Software Engineer, Full Stack (Java, Python)",eyJhbGciOiJIUzI1NiJ9.eyJpIjoiNDQ2Mzk4ODM0OSIsInMiOiJYQ2Foc2Q2UzdoR05XUGJMR0VoTDd3In0.3V94SM5ytWryMieq0_0pQqKz-5em3WuI54s3jQVu6qE,"{'display_name': 'Capital One', '__CLASS__': 'Adzuna::API::Response::Company'}",contract
"{'__CLASS__': 'Adzuna::API::Response::Location', 'display_name': 'Madison, Dane County', 'area': ['US', 'Wisconsin', 'Dane County', 'Madison']}",full_time,https://www.adzuna.com/land/ad/4463988338?se=XCahsd6S7hGNWPbLGEhL7w&utm_medium=api&utm_source=04e67ef5&v=9191C8B965ADDB84C7F00F6468C2B2A4F3878589,43.08332,"Center 1 (19052), United States of America, McLean, VirginiaSenior Software Engineer, Full Stack (Java, Python)Do you love building and pioneering in the technology space? Do you enjoy solving complex business problems in a fast-paced, collaborative, inclusive, and iterative delivery environment? At Capital One, you'll be part of a big group of makers, breakers, doers and disruptors, who solve real problems and meet millions of customers daily. We are seeking Full Stack Software Engineers who a…",Adzuna::API::Response::Job,4463988338,58070.43,"{'label': 'IT Jobs', 'tag': 'it-jobs', '__CLASS__': 'Adzuna::API::Response::Category'}",2023-12-04T11:56:38Z,58070.43,-89.372477,1,"Senior Software Engineer, Full Stack (Java, Python)",eyJhbGciOiJIUzI1NiJ9.eyJpIjoiNDQ2Mzk4ODMzOCIsInMiOiJYQ2Foc2Q2UzdoR05XUGJMR0VoTDd3In0.RSi726bq_H5yl_prGLB4KRz8XAa2q3mrFnRhJmYCHsY,"{'display_name': 'Capital One', '__CLASS__': 'Adzuna::API::Response::Company'}",contract
"{'__CLASS__': 'Adzuna::API::Response::Location', 'display_name': 'Savage, Anne Arundel County', 'area': ['US', 'Maryland', 'Anne Arundel County', 'Savage']}",full_time,https://www.adzuna.com/land/ad/4456527529?se=XCahsd6S7hGNWPbLGEhL7w&utm_medium=api&utm_source=04e67ef5&v=32871125D6021700FA602E11CCB87BAFF4E37688,39.13205,"Build Something to Be Proud Of. Captivation Software has built a reputation on providing customers exactly what is needed in a timely manner. Our team of engineers take pride in what they develop and constantly innovate to provide the best solution. Captivation Software is looking for a mid level software engineer who will acting as a DevOps Software Engineer. They shall be responsible for modifying, testing, deploying, and monitoring the TOOLMETRICS software suite to ensure the software is run…",Adzuna::API::Response::Job,4456527529,174089.47,"{'__CLASS__': 'Adzuna::API::Response::Category', 'tag': 'it-jobs', 'label': 'IT Jobs'}",2023-11-29T12:55:57Z,174089.47,-76.799422,1,Software Engineer 2 - Linux/Bash/Python/Java/Unix/NoSQL/Hadoop,eyJhbGciOiJIUzI1NiJ9.eyJpIjoiNDQ1NjUyNzUyOSIsInMiOiJYQ2Foc2Q2UzdoR05XUGJMR0VoTDd3In0.1f-sXknQtT3hU_EUWFGQHHZamPbNCkacf0RwMxerM6I,"{'__CLASS__': 'Adzuna::API::Response::Company', 'display_name': 'Captivation Software'}",
"{'area': ['US', 'Maryland', 'Anne Arundel County', 'Savage'], 'display_name': 'Savage, Anne Arundel County', '__CLASS__': 'Adzuna::API::Response::Location'}",full_time,https://www.adzuna.com/land/ad/4456543914?se=XCahsd6S7hGNWPbLGEhL7w&utm_medium=api&utm_source=04e67ef5&v=B9A863296534903767D78D2C4AEE4683F630324F,39.13205,"Build Something to Be Proud Of. Captivation Software has built a reputation on providing customers exactly what is needed in a timely manner. Our team of engineers take pride in what they develop and constantly innovate to provide the best solution. Captivation Software is looking for a mid level software engineer who will be responsible for developing, sustaining, and troubleshooting GHOSTGEM's software suite of applications including JEDIPOWER and possibly future capabilities as mission needs…",Adzuna::API::Response::Job,4456543914,169243.38,"{'__CLASS__': 'Adzuna::API::Response::Category', 'tag': 'it-jobs', 'label': 'IT Jobs'}",2023-11-29T12:58:59Z,169243.38,-76.799422,1,Software Engineer 3 - Linux/Bash/Python/Java/Spring/NoSQL/NiFi,eyJhbGciOiJIUzI1NiJ9.eyJpIjoiNDQ1NjU0MzkxNCIsInMiOiJYQ2Foc2Q2UzdoR05XUGJMR0VoTDd3In0.OgLxS4WAiLnN9aRapyfEs05y587y6h57QiEba9Chcj0,"{'__CLASS__': 'Adzuna::API::Response::Company', 'display_name': 'Captivation Software'}",
"{'display_name': 'Savage, Anne Arundel County', 'area': ['US', 'Maryland', 'Anne Arundel County', 'Savage'], '__CLASS__': 'Adzuna::API::Response::Location'}",full_time,https://www.adzuna.com/land/ad/4459072161?se=XCahsd6S7hGNWPbLGEhL7w&utm_medium=api&utm_source=04e67ef5&v=25A341C5995BD2EC3EF7EE81FD40E24056652D41,39.13205,"Build Something to Be Proud Of. Captivation Software has built a reputation on providing customers exactly what is needed in a timely manner. Our team of engineers take pride in what they develop and constantly innovate to provide the best solution. Captivation Software is looking for a mid level software engineer who will be responsible for developing, sustaining, and troubleshooting GHOSTGEM's software suite of applications including JEDIPOWER and possibly future capabilities as mission needs…",Adzuna::API::Response::Job,4459072161,166133.17,"{'tag': 'it-jobs', 'label': 'IT Jobs', '__CLASS__': 'Adzuna::API::Response::Category'}",2023-12-01T05:18:12Z,166133.17,-76.799422,1,Software Engineer 2 - Linux/Bash/Python/Java/Spring/NoSQL/Git,eyJhbGciOiJIUzI1NiJ9.eyJzIjoiWENhaHNkNlM3aEdOV1BiTEdFaEw3dyIsImkiOiI0NDU5MDcyMTYxIn0.nDdW5P5QWcOhc5RXotPdEMqSetM5YRXvbl8LwXF5IpA,"{'display_name': 'Captivation Software', '__CLASS__': 'Adzuna::API::Response::Company'}",
"{'__CLASS__': 'Adzuna::API::Response::Location', 'area': ['US', 'Indiana', 'Porter County', 'Valparaiso'], 'display_name': 'Valparaiso, Porter County'}",full_time,https://www.adzuna.com/land/ad/4463988326?se=XCahsd6S7hGNWPbLGEhL7w&utm_medium=api&utm_source=04e67ef5&v=80BEC25BB778921EBE91AB48BBF70626BD6B2542,41.452914,"Center 1 (19052), United States of America, McLean, VirginiaLead Software Engineer, Full Stack (Java, Python, AWS)Job Description Do you love building and pioneering in the technology space? Do you enjoy solving complex business problems in a fast-paced, collaborative, inclusive, and iterative delivery environment? At Capital One, you'll be part of a big group of makers, breakers, doers and disruptors, who solve real problems and meet real customer needs. We are seeking Full Stack Software Engi…",Adzuna::API::Response::Job,4463988326,55768.51,"{'__CLASS__': 'Adzuna::API::Response::Category', 'tag': 'it-jobs', 'label': 'IT Jobs'}",2023-12-04T11:56:38Z,55768.51,-86.998316,1,"Lead Software Engineer, Full Stack (Java, Python, AWS)",eyJhbGciOiJIUzI1NiJ9.eyJpIjoiNDQ2Mzk4ODMyNiIsInMiOiJYQ2Foc2Q2UzdoR05XUGJMR0VoTDd3In0.DIaWzOwoN91jaEBg-Ra8pLLO7SpHUQIqqwx1MY3HhjQ,"{'display_name': 'Capital One', '__CLASS__': 'Adzuna::API::Response::Company'}",contract
"{'area': ['US', 'Illinois', 'Cook County', 'Thornton'], 'display_name': 'Thornton, Cook County', '__CLASS__': 'Adzuna::API::Response::Location'}",full_time,https://www.adzuna.com/land/ad/4463986797?se=XCahsd6S7hGNWPbLGEhL7w&utm_medium=api&utm_source=04e67ef5&v=5A5376ED67B5D941495F670C5BC52221E52349E8,41.572581,"Center 1 (19052), United States of America, McLean, VirginiaLead Software Engineer, Full Stack (Java, Python, AWS)Job Description Do you love building and pioneering in the technology space? Do you enjoy solving complex business problems in a fast-paced, collaborative, inclusive, and iterative delivery environment? At Capital One, you'll be part of a big group of makers, breakers, doers and disruptors, who solve real problems and meet real customer needs. We are seeking Full Stack Software Engi…",Adzuna::API::Response::Job,4463986797,56708.79,"{'label': 'IT Jobs', 'tag': 'it-jobs', '__CLASS__': 'Adzuna::API::Response::Category'}",2023-12-04T11:56:22Z,56708.79,-87.609528,1,"Lead Software Engineer, Full Stack (Java, Python, AWS)",eyJhbGciOiJIUzI1NiJ9.eyJzIjoiWENhaHNkNlM3aEdOV1BiTEdFaEw3dyIsImkiOiI0NDYzOTg2Nzk3In0._7jMKtrs_zERqwWFi3s21Z_Ek09btJ-JcgWKygyIIEA,"{'__CLASS__': 'Adzuna::API::Response::Company', 'display_name': 'Capital One'}",contract
"{'display_name': 'Savage, Anne Arundel County', 'area': ['US', 'Maryland', 'Anne Arundel County', 'Savage'], '__CLASS__': 'Adzuna::API::Response::Location'}",full_time,https://www.adzuna.com/land/ad/4457611012?se=XCahsd6S7hGNWPbLGEhL7w&utm_medium=api&utm_source=04e67ef5&v=8C01D03578E16B9CE6222DE2E427EFEAA1AFB112,39.13205,"Build Something to Be Proud Of. Captivation Software has built a reputation on providing customers exactly what is needed in a timely manner. Our team of engineers take pride in what they develop and constantly innovate to provide the best solution. Captivation Software is looking for a mid level cloud software engineer who will work with a massively parallel enterprise platform, built with Java on Free and Open-Source Software products including Kubernetes, Hadoop and Accumulo, to enable execu…",Adzuna::API::Response::Job,4457611012,221310.4,"{'tag': 'it-jobs', 'label': 'IT Jobs', '__CLASS__': 'Adzuna::API::Response::Category'}",2023-11-30T08:58:31Z,221310.4,-76.799422,1,Cloud Software Engineer 2 - Java/MySQL/Map Reduce/Hadoop/Docker/Python,eyJhbGciOiJIUzI1NiJ9.eyJpIjoiNDQ1NzYxMTAxMiIsInMiOiJYQ2Foc2Q2UzdoR05XUGJMR0VoTDd3In0.ZpxgNJn9M7TUBZIgkYdon8SdIGkCYZUvMOKCwamwwH0,"{'__CLASS__': 'Adzuna::API::Response::Company', 'display_name': 'Captivation Software'}",
"{'__CLASS__': 'Adzuna::API::Response::Location', 'area': ['US', 'Pennsylvania', 'Lackawanna County', 'Dunmore'], 'display_name': 'Dunmore, Lackawanna County'}",full_time,https://www.adzuna.com/land/ad/4453613002?se=XCahsd6S7hGNWPbLGEhL7w&utm_medium=api&utm_source=04e67ef5&v=5C86F72C8BA3AA135E46C4E341633E8FE159E819,41.421584,"Job Description [Your Company Name] Job Advertisement for Senior Software Engineer, Full Stack (Python, AWS) Do you enjoy creating technology solutions and solving complex problems? Are you interested in working in a diverse and inclusive environment that values collaboration and innovation? At [Your Company Name], we are a community of problem solvers that are dedicated to meeting customer needs and driving real change. We are currently seeking Full Stack Software Engineers who are passionate …",Adzuna::API::Response::Job,4453613002,112133.48,"{'tag': 'it-jobs', 'label': 'IT Jobs', '__CLASS__': 'Adzuna::API::Response::Category'}",2023-11-27T11:19:38Z,112133.48,-75.624664,1,"Senior Software Engineer, Full Stack (Python, AWS)",eyJhbGciOiJIUzI1NiJ9.eyJzIjoiWENhaHNkNlM3aEdOV1BiTEdFaEw3dyIsImkiOiI0NDUzNjEzMDAyIn0.DVSJPwhrxrcFQBL5Lp1j4R-2PiJKzpjtsx-WSSS8-AI,"{'display_name': 'Jobs for Humanity', '__CLASS__': 'Adzuna::API::Response::Company'}",contract
"{'display_name': 'Cheshire County, New Hampshire', 'area': ['US', 'New Hampshire', 'Cheshire County'], '__CLASS__': 'Adzuna::API::Response::Location'}",full_time,https://www.adzuna.com/land/ad/4457611523?se=XCahsd6S7hGNWPbLGEhL7w&utm_medium=api&utm_source=04e67ef5&v=158E80553D7DD61736B80AE6D10A5DB525E40816,42.97188,"Job Description Lead Software Engineer (Java, Node, Golang) Are you passionate about technology and solving complex problems? Do you enjoy working in a collaborative and inclusive environment? At Capital One, we are a diverse group of individuals who are dedicated to making a difference and meeting the needs of our customers. We are currently seeking Full Stack Software Engineers who are excited about using data with emerging technologies. As a Lead Software Engineer at Capital One, you will ha…",Adzuna::API::Response::Job,4457611523,116615.38,"{'label': 'IT Jobs', 'tag': 'it-jobs', '__CLASS__': 'Adzuna::API::Response::Category'}",2023-11-30T08:59:50Z,116615.38,-72.30588,1,"Lead Software Engineer (Java, Node, Golang)",eyJhbGciOiJIUzI1NiJ9.eyJzIjoiWENhaHNkNlM3aEdOV1BiTEdFaEw3dyIsImkiOiI0NDU3NjExNTIzIn0.XcOTFFg5z5j77RGb8AUFk_QnOdoYa0SQFZU19ox-fMY,"{'display_name': 'Jobs for Humanity', '__CLASS__': 'Adzuna::API::Response::Company'}",
"{'area': ['US', 'Maryland', 'Anne Arundel County', 'Savage'], 'display_name': 'Savage, Anne Arundel County', '__CLASS__': 'Adzuna::API::Response::Location'}",full_time,https://www.adzuna.com/land/ad/4459058931?se=XCahsd6S7hGNWPbLGEhL7w&utm_medium=api&utm_source=04e67ef5&v=08A1360393E7D53801E84268BD6084985A190E16,39.13205,Build Something to Be Proud Of. Captivation Software has built a reputation on providing customers exactly what is needed in a timely manner. Our team of engineers take pride in what they develop and constantly innovate to provide the best solution. Captivation Software is looking for a mid level software engineer who will assist with daily responsibilities in the intelligence community. Requirements Security Clearance: Must currently hold a Top Secret / SCI U.S. Government security clearance w…,Adzuna::API::Response::Job,4459058931,158375.03,"{'__CLASS__': 'Adzuna::API::Response::Category', 'tag': 'it-jobs', 'label': 'IT Jobs'}",2023-12-01T05:13:04Z,158375.03,-76.799422,1,Software Engineer 2 - Java/Agile/Python/Perl/Maven/Apache NiFi/Jenkins/Kibana,eyJhbGciOiJIUzI1NiJ9.eyJpIjoiNDQ1OTA1ODkzMSIsInMiOiJYQ2Foc2Q2UzdoR05XUGJMR0VoTDd3In0.1kgJtBRlJl3lYVIJnE2XHkA6nl4zYd313cXhurzteXI,"{'__CLASS__': 'Adzuna::API::Response::Company', 'display_name': 'Captivation Software'}",
"{'area': ['US', 'New Hampshire', 'Merrimack County', 'Concord'], 'display_name': 'Concord, Merrimack County', '__CLASS__': 'Adzuna::API::Response::Location'}",full_time,https://www.adzuna.com/land/ad/4457613640?se=XCahsd6S7hGNWPbLGEhL7w&utm_medium=api&utm_source=04e67ef5&v=3D3019320CD601A3A89D12A463E17F6B22986403,43.230539,"Job Description Lead Software Engineer (Java, Node, Golang) Are you passionate about technology and enjoy solving complex problems? At Capital One, we are a diverse group of makers, breakers, and doers who solve real customer needs. We are seeking Full Stack Software Engineers who are excited about combining data with emerging technologies. As a Lead Software Engineer at Capital One, you will have the opportunity to be at the forefront of driving transformation. What You'll Do: - Lead a team of…",Adzuna::API::Response::Job,4457613640,99984.33,"{'__CLASS__': 'Adzuna::API::Response::Category', 'label': 'IT Jobs', 'tag': 'it-jobs'}",2023-11-30T09:02:43Z,99984.33,-71.547977,1,"Lead Software Engineer (Java, Node, Golang)",eyJhbGciOiJIUzI1NiJ9.eyJpIjoiNDQ1NzYxMzY0MCIsInMiOiJYQ2Foc2Q2UzdoR05XUGJMR0VoTDd3In0.s1T5IS2LU-B1oLCe4OsDsDPi9A10WsOmplbwp0wwR-0,"{'__CLASS__': 'Adzuna::API::Response::Company', 'display_name': 'Jobs for Humanity'}",
"{'__CLASS__': 'Adzuna::API::Response::Location', 'display_name': 'Indian Orchard, Hampden County', 'area': ['US', 'Massachusetts', 'Hampden County', 'Indian Orchard']}",full_time,https://www.adzuna.com/land/ad/4457613435?se=XCahsd6S7hGNWPbLGEhL7w&utm_medium=api&utm_source=04e67ef5&v=A0FC3A0DA99DC97473D5A185264A1AC653608391,42.126547,"Job Description Lead Software Engineer (Java, Node, Golang) At Capital One, we believe in creating technology solutions that meet the needs of all individuals. We are looking for Full Stack Software Engineers who are passionate about using data and emerging technologies to solve complex problems. As a Lead Software Engineer, you will be part of a diverse team working in a collaborative and inclusive environment. What You’ll Do: - Lead a team of developers in creating solutions that meet regulat…",Adzuna::API::Response::Job,4457613435,107990.95,"{'__CLASS__': 'Adzuna::API::Response::Category', 'tag': 'it-jobs', 'label': 'IT Jobs'}",2023-11-30T09:02:41Z,107990.95,-72.507913,1,"Lead Software Engineer (Java, Node, Golang)",eyJhbGciOiJIUzI1NiJ9.eyJzIjoiWENhaHNkNlM3aEdOV1BiTEdFaEw3dyIsImkiOiI0NDU3NjEzNDM1In0.dRi_Rg-XtCjNi3-Xq6zk1OnxteMXkiONLAmCxx5Sfg4,"{'__CLASS__': 'Adzuna::API::Response::Company', 'display_name': 'Jobs for Humanity'}",
"{'area': ['US', 'New Hampshire', 'Hillsborough County', 'Manchester'], 'display_name': 'Manchester, Hillsborough County', '__CLASS__': 'Adzuna::API::Response::Location'}",full_time,https://www.adzuna.com/land/ad/4457612923?se=XCahsd6S7hGNWPbLGEhL7w&utm_medium=api&utm_source=04e67ef5&v=BF1DA7563988BDF28856FF068CE072CAA587B147,42.967702,"Job Description Lead Software Engineer (Java, Node, Golang) Do you have a passion for technology and enjoy solving challenging problems in a collaborative and inclusive environment? At Capital One, we are a diverse group of individuals who work together to create innovative solutions that meet the needs of our customers. We are currently seeking Full Stack Software Engineers who are excited about the intersection of data and emerging technologies. As a Lead Software Engineer at Capital One, you…",Adzuna::API::Response::Job,4457612923,134253.56,"{'__CLASS__': 'Adzuna::API::Response::Category', 'tag': 'it-jobs', 'label': 'IT Jobs'}",2023-11-30T09:01:16Z,134253.56,-71.437335,1,"Lead Software Engineer (Java, Node, Golang)",eyJhbGciOiJIUzI1NiJ9.eyJpIjoiNDQ1NzYxMjkyMyIsInMiOiJYQ2Foc2Q2UzdoR05XUGJMR0VoTDd3In0.DMQQvvgXEq6-S1qYixJ4TYR9D_mipRqLd0j22bjm5Zo,"{'__CLASS__': 'Adzuna::API::Response::Company', 'display_name': 'Jobs for Humanity'}",contract
"{'__CLASS__': 'Adzuna::API::Response::Location', 'display_name': 'Taunton, Bristol County', 'area': ['US', 'Massachusetts', 'Bristol County', 'Taunton']}",full_time,https://www.adzuna.com/land/ad/4457613589?se=XCahsd6S7hGNWPbLGEhL7w&utm_medium=api&utm_source=04e67ef5&v=10E8CA034A30DEDACD6B05889CE16CCAE1DCDCD3,41.904921,"Job Description Lead Software Engineer Job Opportunity Are you passionate about technology and solving complex problems? Do you thrive in a collaborative and inclusive work environment? At Capital One, we are a diverse group of individuals who love creating innovative solutions to meet the needs of our customers. We are currently seeking Full Stack Software Engineers who are excited about combining data with emerging technologies. As a Lead Software Engineer at Capital One, you will play a cruc…",Adzuna::API::Response::Job,4457613589,98259.3,"{'__CLASS__': 'Adzuna::API::Response::Category', 'label': 'IT Jobs', 'tag': 'it-jobs'}",2023-11-30T09:02:43Z,98259.3,-71.102687,1,"Lead Software Engineer (Java, Node, Golang)",eyJhbGciOiJIUzI1NiJ9.eyJpIjoiNDQ1NzYxMzU4OSIsInMiOiJYQ2Foc2Q2UzdoR05XUGJMR0VoTDd3In0.h0BqGfFTFaJ-FgGHfYiBzFG0KxhBbqDPVDROcoD1RuA,"{'__CLASS__': 'Adzuna::API::Response::Company', 'display_name': 'Jobs for Humanity'}",contract
"{'__CLASS__': 'Adzuna::API::Response::Location', 'display_name': 'Newtown Square, Delaware County', 'area': ['US', 'Pennsylvania', 'Delaware County', 'Newtown Square']}",full_time,https://www.adzuna.com/land/ad/4463988348?se=XCahsd6S7hGNWPbLGEhL7w&utm_medium=api&utm_source=04e67ef5&v=127088CB93915F0A53B741376AB82F3E00019879,39.982687,"Center 2 (19050), United States of America, McLean, VirginiaSenior Software Engineer, Backend (Python)Do you love building and pioneering in the technology space? Do you enjoy solving complex business problems in a fast-paced, collaborative, inclusive, and iterative delivery environment? At Capital One, you'll be part of a big group of makers, breakers, doers and disruptors, who love to solve real problems and meet real customer needs. We are seeking Back End Software Engineers who are passiona…",Adzuna::API::Response::Job,4463988348,69667.91,"{'tag': 'it-jobs', 'label': 'IT Jobs', '__CLASS__': 'Adzuna::API::Response::Category'}",2023-12-04T11:56:39Z,69667.91,-75.422819,1,"Senior Software Engineer, Backend (Python)",eyJhbGciOiJIUzI1NiJ9.eyJpIjoiNDQ2Mzk4ODM0OCIsInMiOiJYQ2Foc2Q2UzdoR05XUGJMR0VoTDd3In0.Qi4piisTBLh9RyaCofManH55_orwO4AvBCWzhBV7vZo,"{'display_name': 'Capital One', '__CLASS__': 'Adzuna::API::Response::Company'}",contract
"{'__CLASS__': 'Adzuna::API::Response::Location', 'area': ['US', 'Washington, D.C.', 'Washington'], 'display_name': 'Washington, Washington, D.C.'}",full_time,https://www.adzuna.com/land/ad/4463988000?se=XCahsd6S7hGNWPbLGEhL7w&utm_medium=api&utm_source=04e67ef5&v=14CBCD8AEA03212F60F4E73ADFA050BD1E2AEF0E,38.912068,"Center 2 (19050), United States of America, McLean, VirginiaSenior Software Engineer, Backend (Python)Do you love building and pioneering in the technology space? Do you enjoy solving complex business problems in a fast-paced, collaborative, inclusive, and iterative delivery environment? At Capital One, you'll be part of a big group of makers, breakers, doers and disruptors, who love to solve real problems and meet real customer needs. We are seeking Back End Software Engineers who are passiona…",Adzuna::API::Response::Job,4463988000,66095.31,"{'__CLASS__': 'Adzuna::API::Response::Category', 'label': 'IT Jobs', 'tag': 'it-jobs'}",2023-12-04T11:56:34Z,66095.31,-77.019023,1,"Senior Software Engineer, Backend (Python)",eyJhbGciOiJIUzI1NiJ9.eyJzIjoiWENhaHNkNlM3aEdOV1BiTEdFaEw3dyIsImkiOiI0NDYzOTg4MDAwIn0.0r2kTBz09gJglIAWmrJx2-kZw6tvcbYS48rkZVgeutU,"{'__CLASS__': 'Adzuna::API::Response::Company', 'display_name': 'Capital One'}",contract
"{'__CLASS__': 'Adzuna::API::Response::Location', 'area': ['US', 'New York', 'Suffolk County', 'Ronkonkoma'], 'display_name': 'Ronkonkoma, Suffolk County'}",full_time,https://www.adzuna.com/land/ad/4463988427?se=XCahsd6S7hGNWPbLGEhL7w&utm_medium=api&utm_source=04e67ef5&v=4B73208E1F8E90E6AB317959DF60D258F62C88CF,40.807194,"Center 2 (19050), United States of America, McLean, VirginiaSenior Software Engineer, Backend (Python)Do you love building and pioneering in the technology space? Do you enjoy solving complex business problems in a fast-paced, collaborative, inclusive, and iterative delivery environment? At Capital One, you'll be part of a big group of makers, breakers, doers and disruptors, who love to solve real problems and meet real customer needs. We are seeking Back End Software Engineers who are passiona…",Adzuna::API::Response::Job,4463988427,71788.35,"{'__CLASS__': 'Adzuna::API::Response::Category', 'tag': 'it-jobs', 'label': 'IT Jobs'}",2023-12-04T11:56:39Z,71788.35,-73.173313,1,"Senior Software Engineer, Backend (Python)",eyJhbGciOiJIUzI1NiJ9.eyJzIjoiWENhaHNkNlM3aEdOV1BiTEdFaEw3dyIsImkiOiI0NDYzOTg4NDI3In0.gFTxoL1UTOMLBDytXZRHuX254TDp8VFHq1er27saAyE,"{'__CLASS__': 'Adzuna::API::Response::Company', 'display_name': 'Capital One'}",contract
"{'area': ['US', 'New York', 'New York City'], 'display_name': 'New York City, New York', '__CLASS__': 'Adzuna::API::Response::Location'}",full_time,https://www.adzuna.com/land/ad/4463988515?se=XCahsd6S7hGNWPbLGEhL7w&utm_medium=api&utm_source=04e67ef5&v=91E95AD3953525EF4189A55B07807368F6A43452,,"Center 2 (19050), United States of America, McLean, VirginiaSenior Software Engineer, Backend (Python)Do you love building and pioneering in the technology space? Do you enjoy solving complex business problems in a fast-paced, collaborative, inclusive, and iterative delivery environment? At Capital One, you'll be part of a big group of makers, breakers, doers and disruptors, who love to solve real problems and meet real customer needs. We are seeking Back End Software Engineers who are passiona…",Adzuna::API::Response::Job,4463988515,68895.59,"{'__CLASS__': 'Adzuna::API::Response::Category', 'tag': 'it-jobs', 'label': 'IT Jobs'}",2023-12-04T11:56:40Z,68895.59,,1,"Senior Software Engineer, Backend (Python)",eyJhbGciOiJIUzI1NiJ9.eyJzIjoiWENhaHNkNlM3aEdOV1BiTEdFaEw3dyIsImkiOiI0NDYzOTg4NTE1In0.D-yrjooPxaI8KLv1MWaYutQD2V-384L7RjZweUxFKvs,"{'__CLASS__': 'Adzuna::API::Response::Company', 'display_name': 'Capital One'}",contract
"{'__CLASS__': 'Adzuna::API::Response::Location', 'area': ['US', 'Pennsylvania', 'York County', 'York'], 'display_name': 'York, York County'}",full_time,https://www.adzuna.com/land/ad/4463988005?se=XCahsd6S7hGNWPbLGEhL7w&utm_medium=api&utm_source=04e67ef5&v=2ECE2CBF693D4AF8E818614D3AF702AAD8C969F3,40.025125,"Center 2 (19050), United States of America, McLean, VirginiaSenior Software Engineer, Backend (Python)Do you love building and pioneering in the technology space? Do you enjoy solving complex business problems in a fast-paced, collaborative, inclusive, and iterative delivery environment? At Capital One, you'll be part of a big group of makers, breakers, doers and disruptors, who love to solve real problems and meet real customer needs. We are seeking Back End Software Engineers who are passiona…",Adzuna::API::Response::Job,4463988005,69718.28,"{'label': 'IT Jobs', 'tag': 'it-jobs', '__CLASS__': 'Adzuna::API::Response::Category'}",2023-12-04T11:56:34Z,69718.28,-76.849033,1,"Senior Software Engineer, Backend (Python)",eyJhbGciOiJIUzI1NiJ9.eyJpIjoiNDQ2Mzk4ODAwNSIsInMiOiJYQ2Foc2Q2UzdoR05XUGJMR0VoTDd3In0.2x_rZs184bPgr6T1lvY1oEpx5Lvwpd9jwHWzI3fRb5c,"{'display_name': 'Capital One', '__CLASS__': 'Adzuna::API::Response::Company'}",contract
"{'__CLASS__': 'Adzuna::API::Response::Location', 'area': ['US', 'Rhode Island', 'Providence County', 'Providence'], 'display_name': 'Providence, Providence County'}",full_time,https://www.adzuna.com/land/ad/4457611528?se=XCahsd6S7hGNWPbLGEhL7w&utm_medium=api&utm_source=04e67ef5&v=D6E2CCF91CB55BE925F4C55FFECDB03228D47971,41.83908,"Job Description Lead Software Engineer (Java, Node, Golang) Do you enjoy creating and innovating in the technology field? Are you interested in solving complex business problems in a fast-paced and collaborative environment? At Capital One, we are a diverse group of problem solvers who are dedicated to meeting the needs of our customers. We are currently looking for Full Stack Software Engineers who are passionate about using data and emerging technologies. As a Lead Software Engineer at Capita…",Adzuna::API::Response::Job,4457611528,107698.25,"{'tag': 'it-jobs', 'label': 'IT Jobs', '__CLASS__': 'Adzuna::API::Response::Category'}",2023-11-30T08:59:50Z,107698.25,-71.41368,1,"Lead Software Engineer (Java, Node, Golang)",eyJhbGciOiJIUzI1NiJ9.eyJpIjoiNDQ1NzYxMTUyOCIsInMiOiJYQ2Foc2Q2UzdoR05XUGJMR0VoTDd3In0.YML40R28Z9dC-T9CJPMEvIP8O4OIYTIBl-yK2yqr6So,"{'display_name': 'Jobs for Humanity', '__CLASS__': 'Adzuna::API::Response::Company'}",contract
"{'area': ['US', 'New York', 'Albany County', 'Elsmere'], 'display_name': 'Elsmere, Albany County', '__CLASS__': 'Adzuna::API::Response::Location'}",full_time,https://www.adzuna.com/land/ad/4457612914?se=XCahsd6S7hGNWPbLGEhL7w&utm_medium=api&utm_source=04e67ef5&v=903174E00016BCDD543F94D1B6451FF737818BB3,42.64469,"Job Description Lead Software Engineer (Java, Node, Golang) Are you passionate about making a difference in the world of technology? Do you enjoy solving complex problems in a collaborative and inclusive environment? At Capital One, we believe in creating real solutions that meet the needs of our diverse customers. We are looking for Full Stack Software Engineers who are enthusiastic about combining data with emerging technologies. As a Capital One Lead Software Engineer, you will be at the for…",Adzuna::API::Response::Job,4457612914,89649.73,"{'tag': 'it-jobs', 'label': 'IT Jobs', '__CLASS__': 'Adzuna::API::Response::Category'}",2023-11-30T09:01:16Z,89649.73,-73.80007,1,"Lead Software Engineer (Java, Node, Golang)",eyJhbGciOiJIUzI1NiJ9.eyJpIjoiNDQ1NzYxMjkxNCIsInMiOiJYQ2Foc2Q2UzdoR05XUGJMR0VoTDd3In0.oN2xMFKwx4sMGh66WHzKzlSCKXKzT77sMqh8zEjSiCI,"{'__CLASS__': 'Adzuna::API::Response::Company', 'display_name': 'Jobs for Humanity'}",contract
"{'__CLASS__': 'Adzuna::API::Response::Location', 'display_name': 'Blue Hills, Hartford County', 'area': ['US', 'Connecticut', 'Hartford County', 'Blue Hills']}",full_time,https://www.adzuna.com/land/ad/4457613857?se=XCahsd6S7hGNWPbLGEhL7w&utm_medium=api&utm_source=04e67ef5&v=45D90FA52822B5DF239A267ECEFB497A59C43A4A,41.792693,"Job Description Job Title: Lead Software Engineer (Java, Node, Golang) Location: 77 West Wacker Dr (35012), United States of America, Chicago, Illinois Company: Capital One About Us: Are you passionate about technology? Do you enjoy solving complex business problems in an inclusive and collaborative environment? At Capital One, we are a diverse group of problem solvers who work together to meet the needs of our customers. We are looking for Full Stack Software Engineers who are excited about us…",Adzuna::API::Response::Job,4457613857,108714.18,"{'tag': 'it-jobs', 'label': 'IT Jobs', '__CLASS__': 'Adzuna::API::Response::Category'}",2023-11-30T09:02:47Z,108714.18,-72.695659,1,"Lead Software Engineer (Java, Node, Golang)",eyJhbGciOiJIUzI1NiJ9.eyJpIjoiNDQ1NzYxMzg1NyIsInMiOiJYQ2Foc2Q2UzdoR05XUGJMR0VoTDd3In0.cSXfRR5CmXhxKtuubInjIlZa9cYdqJNiH9jL9LgeqIs,"{'__CLASS__': 'Adzuna::API::Response::Company', 'display_name': 'Jobs for Humanity'}",
"{'area': ['US', 'Massachusetts', 'Worcester County', 'West Side'], 'display_name': 'West Side, Worcester County', '__CLASS__': 'Adzuna::API::Response::Location'}",full_time,https://www.adzuna.com/land/ad/4457611661?se=XCahsd6S7hGNWPbLGEhL7w&utm_medium=api&utm_source=04e67ef5&v=6B4D89E39CC5E46DC089042AF65828FB3FEBC0AD,42.275816,"Job Description Lead Software Engineer - Job Opportunity Do you love working with technology? Are you excited about solving complex problems in a collaborative environment? At Capital One, we are a diverse group of individuals who work together to solve real customer needs. We are looking for Full Stack Software Engineers who are passionate about combining data with emerging technologies. As a Lead Software Engineer at Capital One, you will have the opportunity to drive a major transformation w…",Adzuna::API::Response::Job,4457611661,104744.51,"{'__CLASS__': 'Adzuna::API::Response::Category', 'label': 'IT Jobs', 'tag': 'it-jobs'}",2023-11-30T08:59:52Z,104744.51,-71.820142,1,"Lead Software Engineer (Java, Node, Golang)",eyJhbGciOiJIUzI1NiJ9.eyJpIjoiNDQ1NzYxMTY2MSIsInMiOiJYQ2Foc2Q2UzdoR05XUGJMR0VoTDd3In0.JZ4VhOIfPAh5tMEZbXKJ1cc1sgGTeJVxrpy7ls8tqOg,"{'__CLASS__': 'Adzuna::API::Response::Company', 'display_name': 'Jobs for Humanity'}",contract
"{'area': ['US', 'Maine', 'Cumberland County', 'Westbrook'], 'display_name': 'Westbrook, Cumberland County', '__CLASS__': 'Adzuna::API::Response::Location'}",full_time,https://www.adzuna.com/land/ad/4457612922?se=XCahsd6S7hGNWPbLGEhL7w&utm_medium=api&utm_source=04e67ef5&v=D7652974F280A53205DC5EACE95FAFA2A738F7E3,43.65095,"Job Description Lead Software Engineer Job Ad Are you someone who loves technology? Do you enjoy solving complex problems in a fast-paced and collaborative environment? At Capital One, we are a diverse group of individuals who work together to solve real problems and meet the needs of our customers. We are looking for Full Stack Software Engineers who are passionate about using data and emerging technologies. As a Lead Software Engineer at Capital One, you will have the opportunity to be at the…",Adzuna::API::Response::Job,4457612922,98385.6,"{'__CLASS__': 'Adzuna::API::Response::Category', 'label': 'IT Jobs', 'tag': 'it-jobs'}",2023-11-30T09:01:16Z,98385.6,-70.33014,1,"Lead Software Engineer (Java, Node, Golang)",eyJhbGciOiJIUzI1NiJ9.eyJzIjoiWENhaHNkNlM3aEdOV1BiTEdFaEw3dyIsImkiOiI0NDU3NjEyOTIyIn0.9hJ3mW_-2kidaSQAj9_dSCDCCyVcowOieGAOugx75m8,"{'display_name': 'Jobs for Humanity', '__CLASS__': 'Adzuna::API::Response::Company'}",
"{'display_name': 'North Cambridge, Middlesex County', 'area': ['US', 'Massachusetts', 'Middlesex County', 'North Cambridge'], '__CLASS__': 'Adzuna::API::Response::Location'}",full_time,https://www.adzuna.com/land/ad/4457609978?se=XCahsd6S7hGNWPbLGEhL7w&utm_medium=api&utm_source=04e67ef5&v=5C6F4C9B9CD837018D759005F2015DEE9D55987C,42.39258,"Job Description Lead Software Engineer (Java, Node, Golang) At Capital One, we are a diverse group of problem solvers who are passionate about technology and customer needs. We are looking for Full Stack Software Engineers who love to work with data and emerging technologies. As a Lead Software Engineer, you will be at the forefront of driving transformation within Capital One. What You'll Do: - Lead a team of developers in creating solutions that meet regulatory needs through distributed micro…",Adzuna::API::Response::Job,4457609978,92750.09,"{'label': 'IT Jobs', 'tag': 'it-jobs', '__CLASS__': 'Adzuna::API::Response::Category'}",2023-11-30T08:58:23Z,92750.09,-71.13294,1,"Lead Software Engineer (Java, Node, Golang)",eyJhbGciOiJIUzI1NiJ9.eyJpIjoiNDQ1NzYwOTk3OCIsInMiOiJYQ2Foc2Q2UzdoR05XUGJMR0VoTDd3In0.iNKi3WbtFI5UzrF9nEMGE5iuxEs4gWRzb3np8LWYRvk,"{'__CLASS__': 'Adzuna::API::Response::Company', 'display_name': 'Jobs for Humanity'}",
"{'display_name': 'Plano, Collin County', 'area': ['US', 'Texas', 'Collin County', 'Plano'], '__CLASS__': 'Adzuna::API::Response::Location'}",full_time,https://www.adzuna.com/land/ad/4457613419?se=XCahsd6S7hGNWPbLGEhL7w&utm_medium=api&utm_source=04e67ef5&v=11F31C67C3F91B2D712F33AF16276F49288D62F7,33.0234,"Job Description Senior Software Engineer, Full Stack (Java/AWS) Are you passionate about technology and enjoy solving complex problems? Do you thrive in a fast-paced and collaborative environment? At Capital One, we are a diverse group of individuals who are driven to make a real impact. We are currently looking for Full Stack Software Engineers who are excited about combining data with emerging technologies. As a Software Engineer at Capital One, you will play a key role in driving a major tra…",Adzuna::API::Response::Job,4457613419,123850.38,"{'label': 'IT Jobs', 'tag': 'it-jobs', '__CLASS__': 'Adzuna::API::Response::Category'}",2023-11-30T09:02:40Z,123850.38,-96.69858,1,"Senior Software Engineer, Full Stack (Java/AWS)",eyJhbGciOiJIUzI1NiJ9.eyJzIjoiWENhaHNkNlM3aEdOV1BiTEdFaEw3dyIsImkiOiI0NDU3NjEzNDE5In0.PNRQfxLGH-lNAoL3AoVMg8SPQ54tSwxRdBMLSFtTlaE,"{'display_name': 'Jobs for Humanity', '__CLASS__': 'Adzuna::API::Response::Company'}",
"{'__CLASS__': 'Adzuna::API::Response::Location', 'area': ['US', 'New Jersey', 'Atlantic County', 'Atlantic City'], 'display_name': 'Atlantic City, Atlantic County'}",full_time,https://www.adzuna.com/land/ad/4457613580?se=XCahsd6S7hGNWPbLGEhL7w&utm_medium=api&utm_source=04e67ef5&v=B83C496936D4529487E1F19FC57CDC1FFA9833B6,39.3642,"Job Description Position: Senior Software Engineer, Full Stack (Java/AWS) Do you enjoy working with technology and solving complex business problems? Are you looking for a collaborative and inclusive work environment? At Capital One, we are a diverse group of individuals who are passionate about using data and emerging technologies to meet our customers' needs. We are currently seeking Full Stack Software Engineers who are skilled in Java and AWS and are excited about driving transformation wit…",Adzuna::API::Response::Job,4457613580,102445.72,"{'label': 'IT Jobs', 'tag': 'it-jobs', '__CLASS__': 'Adzuna::API::Response::Category'}",2023-11-30T09:02:43Z,102445.72,-74.4233,1,"Senior Software Engineer, Full Stack (Java/AWS)",eyJhbGciOiJIUzI1NiJ9.eyJpIjoiNDQ1NzYxMzU4MCIsInMiOiJYQ2Foc2Q2UzdoR05XUGJMR0VoTDd3In0.QtQv4-ZiFVTsBozi_gT_XpVtzw1nRfslSzFALqrntTE,"{'display_name': 'Jobs for Humanity', '__CLASS__': 'Adzuna::API::Response::Company'}",contract
"{'area': ['US', 'Connecticut', 'New Haven County', 'New Haven'], 'display_name': 'New Haven, New Haven County', '__CLASS__': 'Adzuna::API::Response::Location'}",full_time,https://www.adzuna.com/land/ad/4457612876?se=XCahsd6S7hGNWPbLGEhL7w&utm_medium=api&utm_source=04e67ef5&v=17A93ED9EF6689E96312ACC9855D4E20527CEFB8,41.30733,"Job Description Senior Software Engineer, Full Stack (Java/AWS) Are you passionate about using technology to solve complex business problems? Do you enjoy working in a collaborative and inclusive environment? At Capital One, we are a diverse group of makers and disruptors who strive to meet our customers' needs and drive innovation. We are currently seeking Full Stack Software Engineers who are excited about leveraging data and emerging technologies. What You'll Do: - Collaborate with Agile tea…",Adzuna::API::Response::Job,4457612876,125709.36,"{'__CLASS__': 'Adzuna::API::Response::Category', 'label': 'IT Jobs', 'tag': 'it-jobs'}",2023-11-30T09:01:15Z,125709.36,-72.92444,1,"Senior Software Engineer, Full Stack (Java/AWS)",eyJhbGciOiJIUzI1NiJ9.eyJpIjoiNDQ1NzYxMjg3NiIsInMiOiJYQ2Foc2Q2UzdoR05XUGJMR0VoTDd3In0.N0TctjcPJ1_cndsvZLBvX4m0YaJWyhO3EENFsFVLxa0,"{'display_name': 'Jobs for Humanity', '__CLASS__': 'Adzuna::API::Response::Company'}",contract
